{
  "nfp": 3,
  "R0": 1.0,
  "R1": 0.44699142356907356,
  "ncoils": 6,
  "order": 9,
  "nphi": 32,
  "ntheta": 32,
  "length_target": 3.245619377339697,
  "length_weight": 0.2793977526546881,
  "max_curvature_threshold": 17.44029077528775,
  "max_curvature_weight": 2.1504331528711443e-06,
  "msc_threshold": 8.511956199647376,
  "msc_weight": 1.869075750396701e-06,
  "JF": 0.000866307394455637,
  "Jf": 0.0006284418406946976,
  "BdotN": 0.05179554584247448,
  "lengths": [
    2.520270531846203,
    3.8883898365878045,
    2.688689178119141,
    2.906459354641185,
    3.214201992795433,
    4.256430613982752
  ],
  "length": 19.474441507972518,
  "max_curvatures": [
    7.448522481200082,
    12.611448959091138,
    8.205163199974452,
    7.384073674476559,
    7.087171951879856,
    10.472978146292261
  ],
  "max_max_curvature": 12.611448959091138,
  "coil_coil_distance": 0.10293713486549429,
  "cc_threshold": 0.11354575154614019,
  "cc_weight": 17.433279962935178,
  "gradient_norm": 0.008893552140138126,
  "linking_number": 0,
  "directory": "ncoils_6_order_9_R1_0.45_length_target_3.2_weight_0.28_max_curvature_1.7e+01_weight_2.2e-06_msc_8.5_weight_1.9e-06_cc_0.11_weight_1.7e+01",
  "mean_squared_curvatures": [
    14.429938687092694,
    14.396025003215161,
    12.944657848699922,
    11.82041176503529,
    12.416570024829682,
    18.57825348757755
  ],
  "max_mean_squared_curvature": 18.57825348757755,
  "message": "STOP: TOTAL NO. of ITERATIONS REACHED LIMIT",
  "success": false,
  "iterations": 400,
  "function_evaluations": 444,
  "coil_currents": [
    147973.88441109413,
    -8060.0205665441235,
    111593.39475633971,
    77550.7044201592,
    56461.49673089405,
    163085.99790785115,
    37643.551854098354,
    152342.86221309856,
    97863.97991518627,
    124113.64798082499,
    153735.9947918049,
    -5256.039964009168
  ],
  "coil_surface_distance1": 0.029694246499411308,
  "coil_surface_distance2": 0.0296180039963259
}