{
  "nfp": 3,
  "R0": 1.0,
  "R1": 0.42746259902432027,
  "ncoils": 6,
  "order": 7,
  "nphi": 32,
  "ntheta": 32,
  "length_target": 3.5630833825612687,
  "length_weight": 0.5813079184010368,
  "max_curvature_threshold": 22.776663973046105,
  "max_curvature_weight": 5.789330152012619e-06,
  "msc_threshold": 9.423020323514484,
  "msc_weight": 0.000648492220113455,
  "JF": 0.0006242841863412481,
  "Jf": 0.0006132946172121563,
  "BdotN": 0.05565144477992103,
  "lengths": [
    2.72851205789089,
    2.83983966967407,
    3.480197128007097,
    3.6731592438663796,
    3.559663194198316,
    5.097254578796065
  ],
  "length": 21.378625872432817,
  "max_curvatures": [
    5.4359012773695685,
    5.033618528813328,
    5.509154100772482,
    8.992178077574307,
    9.542503661044261,
    9.561463061733486
  ],
  "max_max_curvature": 9.561463061733486,
  "coil_coil_distance": 0.08063257920061341,
  "cc_threshold": 0.08411610502366663,
  "cc_weight": 88.71214584846317,
  "gradient_norm": 0.007197126063010425,
  "linking_number": 0,
  "directory": "ncoils_6_order_7_R1_0.43_length_target_3.6_weight_0.58_max_curvature_2.3e+01_weight_5.8e-06_msc_9.4_weight_0.00065_cc_0.084_weight_8.9e+01",
  "mean_squared_curvatures": [
    9.477038066496325,
    9.43538519371749,
    9.45497398380245,
    9.426830028109483,
    9.421094502189149,
    9.397289781042456
  ],
  "max_mean_squared_curvature": 9.477038066496325,
  "message": "STOP: TOTAL NO. of ITERATIONS REACHED LIMIT",
  "success": false,
  "iterations": 400,
  "function_evaluations": 457,
  "coil_currents": [
    57153.49737031186,
    48640.105221245656,
    -9529.04056330388,
    162501.9641694433,
    65303.65342880377,
    203412.7754906057,
    125822.20967671122,
    143023.66800907982,
    187940.1642732479,
    3590.7981778768417,
    116957.25677897687,
    -31447.96591913499
  ],
  "coil_surface_distance1": 0.03680309755836745,
  "coil_surface_distance2": 0.029899997655217093
}