{
  "nfp": 3,
  "R0": 1.0,
  "R1": 0.4142920566834317,
  "ncoils": 4,
  "order": 7,
  "nphi": 32,
  "ntheta": 32,
  "length_target": 3.4686198437488,
  "length_weight": 0.0013655449566748205,
  "max_curvature_threshold": 9.44916474935596,
  "max_curvature_weight": 0.0007679746854227497,
  "msc_threshold": 24.912964342041533,
  "msc_weight": 0.00017510740333457657,
  "JF": 0.0007695351257698046,
  "Jf": 0.0006980429764267581,
  "BdotN": 0.041889541618473206,
  "lengths": [
    2.4971601897593363,
    3.0579738058102084,
    3.4879595183519205,
    5.130004162978562
  ],
  "length": 14.173097676900028,
  "max_curvatures": [
    9.040254103237267,
    9.4564303970333,
    9.380661581744603,
    9.6277192940095
  ],
  "max_max_curvature": 9.6277192940095,
  "coil_coil_distance": 0.09326427398191742,
  "cc_threshold": 0.1006851196479561,
  "cc_weight": 11.880671951093674,
  "gradient_norm": 0.00578702912845843,
  "linking_number": 0,
  "directory": "ncoils_4_order_7_R1_0.41_length_target_3.5_weight_0.0014_max_curvature_9.4_weight_0.00077_msc_2.5e+01_weight_0.00018_cc_0.1_weight_1.2e+01",
  "mean_squared_curvatures": [
    21.026108809314135,
    17.337395462668034,
    13.227964369697863,
    16.195184611041046
  ],
  "max_mean_squared_curvature": 21.026108809314135,
  "message": "STOP: TOTAL NO. of ITERATIONS REACHED LIMIT",
  "success": false,
  "iterations": 400,
  "function_evaluations": 533,
  "coil_currents": [
    61753.49066448136,
    115692.68006988829,
    222.18827352642913,
    183278.1531800169,
    74557.17254383375,
    91543.14226964157,
    207979.24802040998,
    -37597.21126096609
  ],
  "coil_surface_distance1": 0.06679167472172551,
  "coil_surface_distance2": 0.061832016054245605
}